"0","# the default for ""merge"" will do a join while dropping 2006 DAs found in in2006not2016"
"0","# so we have to keep those by saying all.x = ""TRUE"""
"0","# it also has no problem bringing ""NA"" data from 2016"
"0","# so we will have to drop those later on"
"0","#"
"0","finaldf <- merge(CE06, CE16, by = ""DAUID"", all.x = ""TRUE"")"
"0","# now we add in all the split-DA data by hand"
"0","# ONE AT A TIME"
"0","#"
"0","# DAUID==35250063"
"0","#"
"0","finaldf$POP2016[finaldf$DAUID==35250063] <- (CE16$POP2016[CE16$DAUID==35250999] + CE16$POP2016[CE16$DAUID==35250998])"
"0","#"
"0","finaldf$POP0TO142016[finaldf$DAUID==35250063] <- (CE16$POP0TO142016[CE16$DAUID==35250999] + CE16$POP0TO142016[CE16$DAUID==35250998])"
"0","#"
"0","# this is a bit kludged, I should have downloaded number of households to average this "
"0","# by household instead of by population."
"0","# could fix it later"
"0","# (though these are all new neighbourhoods, so we can assume in approximation that all the"
"0","# households are homogeneous in size)"
"0","#"
"0","finaldf$AVGAFTERTAXINCHH2016[finaldf$DAUID==35250063] <-     round(((CE16$AVGAFTERTAXINCHH2016[CE16$DAUID==35250999] * CE16$POP2016[CE16$DAUID==35250999] + CE16$AVGAFTERTAXINCHH2016[CE16$DAUID==35250998] * CE16$POP2016[CE16$DAUID==35250998]) / finaldf$POP2016[finaldf$DAUID==35250063]), 0"
"0",")"
"0","#"
"0","# and for perclowinc0to5, this really does just take population proportions to solve"
"0","#"
"0","finaldf$PERCLOWINC0TO52016[finaldf$DAUID==35250063] <-     round(((CE16$PERCLOWINC0TO5[CE16$DAUID==35250999] * CE16$POP2016[CE16$DAUID==35250999] + CE16$PERCLOWINC0TO52016[CE16$DAUID==35250998] * CE16$POP2016[CE16$DAUID==35250998]) / finaldf$POP2016[finaldf$DAUID==35250063]), 0"
"0",")"
"0","# "
"0","# now we just have to do this for the other 22 split DAs"
"0","#"
"0","# then we delete all the data that is NA for 2016"
"0","#"
"0","# so let's do all the rest here."
"0","#"
"0","# DA = 35250132"
"0","#"
"0","finaldf$POP2016[finaldf$DAUID==35250132] <- (CE16$POP2016[CE16$DAUID==35250981] + CE16$POP2016[CE16$DAUID==35250982])"
"0","#"
"0","finaldf$POP0TO142016[finaldf$DAUID==35250132] <- (CE16$POP0TO142016[CE16$DAUID==35250981] + CE16$POP0TO142016[CE16$DAUID==35250982])"
"0","#"
"0","finaldf$AVGAFTERTAXINCHH2016[finaldf$DAUID==35250132] <-     round(((CE16$AVGAFTERTAXINCHH2016[CE16$DAUID==35250981] * CE16$POP2016[CE16$DAUID==35250981] + CE16$AVGAFTERTAXINCHH2016[CE16$DAUID==35250982] * CE16$POP2016[CE16$DAUID==35250982]) / finaldf$POP2016[finaldf$DAUID==35250132]), 0"
"0",")"
"0","#"
"0","finaldf$PERCLOWINC0TO52016[finaldf$DAUID==35250132] <-     round(((CE16$PERCLOWINC0TO5[CE16$DAUID==35250981] * CE16$POP2016[CE16$DAUID==35250981] + CE16$PERCLOWINC0TO52016[CE16$DAUID==35250982] * CE16$POP2016[CE16$DAUID==35250982]) / finaldf$POP2016[finaldf$DAUID==35250132]), 0"
"0",")"
"0","#"
"0","# DA = 35250154"
"0","#"
"0","finaldf$POP2016[finaldf$DAUID==35250154] <- (CE16$POP2016[CE16$DAUID==35251003] + CE16$POP2016[CE16$DAUID==35251004] + CE16$POP2016[CE16$DAUID==35251005] + CE16$POP2016[CE16$DAUID==35251006])"
"0","#"
"0","finaldf$POP0TO142016[finaldf$DAUID==35250154] <- (CE16$POP0TO142016[CE16$DAUID==35251003] + CE16$POP0TO142016[CE16$DAUID==35251004] + CE16$POP0TO142016[CE16$DAUID==35251005] + CE16$POP0TO142016[CE16$DAUID==35251006])"
"0","#"
"0","finaldf$AVGAFTERTAXINCHH2016[finaldf$DAUID==35250154] <-     round(((CE16$AVGAFTERTAXINCHH2016[CE16$DAUID==35251003] * CE16$POP2016[CE16$DAUID==35251003] + CE16$AVGAFTERTAXINCHH2016[CE16$DAUID==35251004] * CE16$POP2016[CE16$DAUID==35251004] + CE16$AVGAFTERTAXINCHH2016[CE16$DAUID==35251005] * CE16$POP2016[CE16$DAUID==35251005] + CE16$AVGAFTERTAXINCHH2016[CE16$DAUID==35251006] * CE16$POP2016[CE16$DAUID==35251006]) / finaldf$POP2016[finaldf$DAUID==35250154]), 0"
"0",")"
"0","#"
"0","finaldf$PERCLOWINC0TO52016[finaldf$DAUID==35250154] <-     round(((CE16$PERCLOWINC0TO5[CE16$DAUID==35251003] * CE16$POP2016[CE16$DAUID==35251003] + CE16$PERCLOWINC0TO52016[CE16$DAUID==35251004] * CE16$POP2016[CE16$DAUID==35251004] + CE16$PERCLOWINC0TO52016[CE16$DAUID==35251005] * CE16$POP2016[CE16$DAUID==35251005] + CE16$PERCLOWINC0TO52016[CE16$DAUID==35251006] * CE16$POP2016[CE16$DAUID==35251006]) / finaldf$POP2016[finaldf$DAUID==35250154]), 0"
"0",")"
"0","#"
"0","# DA = 35250155"
"0","#"
"0","finaldf$POP2016[finaldf$DAUID==35250155] <- (CE16$POP2016[CE16$DAUID==35251007] + CE16$POP2016[CE16$DAUID==35251008] + CE16$POP2016[CE16$DAUID==35251009] + CE16$POP2016[CE16$DAUID==35251010])"
"0","#"
"0","finaldf$POP0TO142016[finaldf$DAUID==35250155] <- (CE16$POP0TO142016[CE16$DAUID==35251007] + CE16$POP0TO142016[CE16$DAUID==35251008] + CE16$POP0TO142016[CE16$DAUID==35251009] + CE16$POP0TO142016[CE16$DAUID==35251010])"
"0","#"
"0","finaldf$AVGAFTERTAXINCHH2016[finaldf$DAUID==35250155] <-     round(((CE16$AVGAFTERTAXINCHH2016[CE16$DAUID==35251007] * CE16$POP2016[CE16$DAUID==35251007] + CE16$AVGAFTERTAXINCHH2016[CE16$DAUID==35251008] * CE16$POP2016[CE16$DAUID==35251008] + CE16$AVGAFTERTAXINCHH2016[CE16$DAUID==35251009] * CE16$POP2016[CE16$DAUID==35251009] + CE16$AVGAFTERTAXINCHH2016[CE16$DAUID==35251010] * CE16$POP2016[CE16$DAUID==35251010]) / finaldf$POP2016[finaldf$DAUID==35250155]), 0"
"0",")"
"0","#"
"0","finaldf$PERCLOWINC0TO52016[finaldf$DAUID==35250155] <-     round(((CE16$PERCLOWINC0TO5[CE16$DAUID==35251007] * CE16$POP2016[CE16$DAUID==35251007] + CE16$PERCLOWINC0TO52016[CE16$DAUID==35251008] * CE16$POP2016[CE16$DAUID==35251008] + CE16$PERCLOWINC0TO52016[CE16$DAUID==35251009] * CE16$POP2016[CE16$DAUID==35251009] + CE16$PERCLOWINC0TO52016[CE16$DAUID==35251010] * CE16$POP2016[CE16$DAUID==35251010]) / finaldf$POP2016[finaldf$DAUID==35250155]), 0"
"0",")"
"0","#"
"0","# DA = 35250171"
"0","#"
"0","finaldf$POP2016[finaldf$DAUID==35250171] <- (CE16$POP2016[CE16$DAUID==35251027] + CE16$POP2016[CE16$DAUID==35251028])"
"0","#"
"0","finaldf$POP0TO142016[finaldf$DAUID==35250171] <- (CE16$POP0TO142016[CE16$DAUID==35251027] + CE16$POP0TO142016[CE16$DAUID==35251028])"
"0","#"
"0","finaldf$AVGAFTERTAXINCHH2016[finaldf$DAUID==35250171] <-     round(((CE16$AVGAFTERTAXINCHH2016[CE16$DAUID==35251027] * CE16$POP2016[CE16$DAUID==35251027] + CE16$AVGAFTERTAXINCHH2016[CE16$DAUID==35251028] * CE16$POP2016[CE16$DAUID==35251028]) / finaldf$POP2016[finaldf$DAUID==35250171]), 0"
"0",")"
"0","#"
"0","finaldf$PERCLOWINC0TO52016[finaldf$DAUID==35250171] <-     round(((CE16$PERCLOWINC0TO5[CE16$DAUID==35251027] * CE16$POP2016[CE16$DAUID==35251027] + CE16$PERCLOWINC0TO52016[CE16$DAUID==35251028] * CE16$POP2016[CE16$DAUID==35251028]) / finaldf$POP2016[finaldf$DAUID==35250171]), 0"
"0",")"
"0","#"
"0","# DA = 35250174"
"0","#"
"0","finaldf$POP2016[finaldf$DAUID==35250174] <- (CE16$POP2016[CE16$DAUID==35251029] + CE16$POP2016[CE16$DAUID==35251030])"
"0","#"
"0","finaldf$POP0TO142016[finaldf$DAUID==35250174] <- (CE16$POP0TO142016[CE16$DAUID==35251029] + CE16$POP0TO142016[CE16$DAUID==35251030])"
"0","#"
"0","finaldf$AVGAFTERTAXINCHH2016[finaldf$DAUID==35250174] <-     round(((CE16$AVGAFTERTAXINCHH2016[CE16$DAUID==35251029] * CE16$POP2016[CE16$DAUID==35251029] + CE16$AVGAFTERTAXINCHH2016[CE16$DAUID==35251030] * CE16$POP2016[CE16$DAUID==35251030]) / finaldf$POP2016[finaldf$DAUID==35250174]), 0"
"0",")"
"0","#"
"0","finaldf$PERCLOWINC0TO52016[finaldf$DAUID==35250174] <-     round(((CE16$PERCLOWINC0TO5[CE16$DAUID==35251029] * CE16$POP2016[CE16$DAUID==35251029] + CE16$PERCLOWINC0TO52016[CE16$DAUID==35251030] * CE16$POP2016[CE16$DAUID==35251030]) / finaldf$POP2016[finaldf$DAUID==35250174]), 0"
"0",")"
"0","#"
"0","# DA = 35250182"
"0","# This was a simple rename to 25350982, except probably the edges changed."
"0","# I'm ingoring minor changes to DA boundaries, because that won't hurt me any more than"
"0","# ignoring the ecological fallacy."
"0","#"
"0","finaldf$POP2016[finaldf$DAUID==35250182] <- (CE16$POP2016[CE16$DAUID==35250982])"
"0","#"
"0","finaldf$POP0TO142016[finaldf$DAUID==35250182] <- (CE16$POP0TO142016[CE16$DAUID==35250982])"
"0","#"
"0","finaldf$AVGAFTERTAXINCHH2016[finaldf$DAUID==35250182] <-     (CE16$AVGAFTERTAXINCHH2016[CE16$DAUID==35250982])"
"0","#"
"0","finaldf$PERCLOWINC0TO52016[finaldf$DAUID==35250182] <- (CE16$PERCLOWINC0TO5[CE16$DAUID==35250982])"
"0","#"
"0","# DA = 35250187"
"0","#"
"0","finaldf$POP2016[finaldf$DAUID==35250187] <- (CE16$POP2016[CE16$DAUID==35250985])"
"0","#"
"0","finaldf$POP0TO142016[finaldf$DAUID==35250187] <- (CE16$POP0TO142016[CE16$DAUID==35250985])"
"0","#"
"0","finaldf$AVGAFTERTAXINCHH2016[finaldf$DAUID==35250187] <-     (CE16$AVGAFTERTAXINCHH2016[CE16$DAUID==35250985])"
"0","#"
"0","finaldf$PERCLOWINC0TO52016[finaldf$DAUID==35250187] <- (CE16$PERCLOWINC0TO5[CE16$DAUID==35250985])"
"0","#"
"0","# DA = 35250577"
"0","#"
"0","finaldf$POP2016[finaldf$DAUID==35250577] <- (CE16$POP2016[CE16$DAUID==35251011] + CE16$POP2016[CE16$DAUID==35251012] + CE16$POP2016[CE16$DAUID==35251013] + CE16$POP2016[CE16$DAUID==35251014] + CE16$POP2016[CE16$DAUID==35251015])"
"0","#"
"0","finaldf$POP0TO142016[finaldf$DAUID==35250577] <- (CE16$POP0TO142016[CE16$DAUID==35251011] + CE16$POP0TO142016[CE16$DAUID==35251012] + CE16$POP0TO142016[CE16$DAUID==35251013] + CE16$POP0TO142016[CE16$DAUID==35251014] + CE16$POP2016[CE16$DAUID==35251015])"
"0","#"
"0","finaldf$AVGAFTERTAXINCHH2016[finaldf$DAUID==35250577] <-     round(((CE16$AVGAFTERTAXINCHH2016[CE16$DAUID==35251011] * CE16$POP2016[CE16$DAUID==35251011] + CE16$AVGAFTERTAXINCHH2016[CE16$DAUID==35251012] * CE16$POP2016[CE16$DAUID==35251012] + CE16$AVGAFTERTAXINCHH2016[CE16$DAUID==35251013] * CE16$POP2016[CE16$DAUID==35251013] + CE16$AVGAFTERTAXINCHH2016[CE16$DAUID==35251014] * CE16$POP2016[CE16$DAUID==35251014] + CE16$AVGAFTERTAXINCHH2016[CE16$DAUID==35251015] * CE16$POP2016[CE16$DAUID==35251015]) / finaldf$POP2016[finaldf$DAUID==35250577]), 0"
"0",")"
"0","#"
"0","finaldf$PERCLOWINC0TO52016[finaldf$DAUID==35250577] <-     round(((CE16$PERCLOWINC0TO5[CE16$DAUID==35251011] * CE16$POP2016[CE16$DAUID==35251011] + CE16$PERCLOWINC0TO52016[CE16$DAUID==35251012] * CE16$POP2016[CE16$DAUID==35251012] + CE16$PERCLOWINC0TO52016[CE16$DAUID==35251013] * CE16$POP2016[CE16$DAUID==35251013] + CE16$PERCLOWINC0TO52016[CE16$DAUID==35251014] * CE16$POP2016[CE16$DAUID==35251014] + CE16$PERCLOWINC0TO52016[CE16$DAUID==35251015] * CE16$POP2016[CE16$DAUID==35251015]) / finaldf$POP2016[finaldf$DAUID==35250577]), 0"
"0",")"
"0","#"
"0","# DA = 35250584"
"0","#"
"0","finaldf$POP2016[finaldf$DAUID==35250584] <- (CE16$POP2016[CE16$DAUID==35250998] + CE16$POP2016[CE16$DAUID==35250999])"
"0","#"
"0","finaldf$POP0TO142016[finaldf$DAUID==35250584] <- (CE16$POP0TO142016[CE16$DAUID==35250998] + CE16$POP0TO142016[CE16$DAUID==35250999])"
"0","#"
"0","finaldf$AVGAFTERTAXINCHH2016[finaldf$DAUID==35250584] <-     round(((CE16$AVGAFTERTAXINCHH2016[CE16$DAUID==35250998] * CE16$POP2016[CE16$DAUID==35250998] + CE16$AVGAFTERTAXINCHH2016[CE16$DAUID==35250999] * CE16$POP2016[CE16$DAUID==35250999]) / finaldf$POP2016[finaldf$DAUID==35250584]), 0"
"0",")"
"0","#"
"0","finaldf$PERCLOWINC0TO52016[finaldf$DAUID==35250584] <-     round(((CE16$PERCLOWINC0TO5[CE16$DAUID==35250998] * CE16$POP2016[CE16$DAUID==35250998] + CE16$PERCLOWINC0TO52016[CE16$DAUID==35250999] * CE16$POP2016[CE16$DAUID==35250999]) / finaldf$POP2016[finaldf$DAUID==35250584]), 0"
"0",")"
"0","#"
"0","# DA = 35250653"
"0","#"
"0","finaldf$POP2016[finaldf$DAUID==35250653] <- (CE16$POP2016[CE16$DAUID==35251016] + CE16$POP2016[CE16$DAUID==35251017] + CE16$POP2016[CE16$DAUID==35251018])"
"0","#"
"0","finaldf$POP0TO142016[finaldf$DAUID==35250653] <- (CE16$POP0TO142016[CE16$DAUID==35251016] + CE16$POP0TO142016[CE16$DAUID==35251017] + CE16$POP0TO142016[CE16$DAUID==35251018])"
"0","#"
"0","finaldf$AVGAFTERTAXINCHH2016[finaldf$DAUID==35250653] <-     round(((CE16$AVGAFTERTAXINCHH2016[CE16$DAUID==35251016] * CE16$POP2016[CE16$DAUID==35251016] + CE16$AVGAFTERTAXINCHH2016[CE16$DAUID==35251017] * CE16$POP2016[CE16$DAUID==35251017] + CE16$AVGAFTERTAXINCHH2016[CE16$DAUID==35251018] * CE16$POP2016[CE16$DAUID==35251018]) / finaldf$POP2016[finaldf$DAUID==35250653]), 0"
"0",")"
"0","#"
"0","finaldf$PERCLOWINC0TO52016[finaldf$DAUID==35250653] <-     round(((CE16$PERCLOWINC0TO5[CE16$DAUID==35251016] * CE16$POP2016[CE16$DAUID==35251016] + CE16$PERCLOWINC0TO52016[CE16$DAUID==35251017] * CE16$POP2016[CE16$DAUID==35251017] + CE16$PERCLOWINC0TO52016[CE16$DAUID==35251018] * CE16$POP2016[CE16$DAUID==35251018]) / finaldf$POP2016[finaldf$DAUID==35250653]), 0"
"0",")"
"0","#"
"0","# DA = 35250808"
"0","#"
"0","finaldf$POP2016[finaldf$DAUID==35250808] <- (CE16$POP2016[CE16$DAUID==35251019] + CE16$POP2016[CE16$DAUID==35251020] + CE16$POP2016[CE16$DAUID==35251021])"
"0","#"
"0","finaldf$POP0TO142016[finaldf$DAUID==35250808] <- (CE16$POP0TO142016[CE16$DAUID==35251019] + CE16$POP0TO142016[CE16$DAUID==35251020] + CE16$POP0TO142016[CE16$DAUID==35251021])"
"0","#"
"0","finaldf$AVGAFTERTAXINCHH2016[finaldf$DAUID==35250808] <-     round(((CE16$AVGAFTERTAXINCHH2016[CE16$DAUID==35251019] * CE16$POP2016[CE16$DAUID==35251019] + CE16$AVGAFTERTAXINCHH2016[CE16$DAUID==35251020] * CE16$POP2016[CE16$DAUID==35251020] + CE16$AVGAFTERTAXINCHH2016[CE16$DAUID==35251021] * CE16$POP2016[CE16$DAUID==35251021]) / finaldf$POP2016[finaldf$DAUID==35250808]), 0"
"0",")"
"0","#"
"0","finaldf$PERCLOWINC0TO52016[finaldf$DAUID==35250808] <-     round(((CE16$PERCLOWINC0TO5[CE16$DAUID==35251019] * CE16$POP2016[CE16$DAUID==35251019] + CE16$PERCLOWINC0TO52016[CE16$DAUID==35251020] * CE16$POP2016[CE16$DAUID==35251020] + CE16$PERCLOWINC0TO52016[CE16$DAUID==35251021] * CE16$POP2016[CE16$DAUID==35251021]) / finaldf$POP2016[finaldf$DAUID==35250808]), 0"
"0",")"
"0","#"
"0","# DA = 35250809"
"0","#"
"0","finaldf$POP2016[finaldf$DAUID==35250809] <- (CE16$POP2016[CE16$DAUID==35251022] + CE16$POP2016[CE16$DAUID==35251023] + CE16$POP2016[CE16$DAUID==35251024])"
"0","#"
"0","finaldf$POP0TO142016[finaldf$DAUID==35250809] <- (CE16$POP0TO142016[CE16$DAUID==35251022] + CE16$POP0TO142016[CE16$DAUID==35251023] + CE16$POP0TO142016[CE16$DAUID==35251024])"
"0","#"
"0","finaldf$AVGAFTERTAXINCHH2016[finaldf$DAUID==35250809] <-     round(((CE16$AVGAFTERTAXINCHH2016[CE16$DAUID==35251022] * CE16$POP2016[CE16$DAUID==35251022] + CE16$AVGAFTERTAXINCHH2016[CE16$DAUID==35251023] * CE16$POP2016[CE16$DAUID==35251023] + CE16$AVGAFTERTAXINCHH2016[CE16$DAUID==35251024] * CE16$POP2016[CE16$DAUID==35251024]) / finaldf$POP2016[finaldf$DAUID==35250809]), 0"
"0",")"
"0","#"
"0","finaldf$PERCLOWINC0TO52016[finaldf$DAUID==35250809] <-     round(((CE16$PERCLOWINC0TO5[CE16$DAUID==35251022] * CE16$POP2016[CE16$DAUID==35251022] + CE16$PERCLOWINC0TO52016[CE16$DAUID==35251023] * CE16$POP2016[CE16$DAUID==35251023] + CE16$PERCLOWINC0TO52016[CE16$DAUID==35251024] * CE16$POP2016[CE16$DAUID==35251024]) / finaldf$POP2016[finaldf$DAUID==35250809]), 0"
"0",")"
"0","#"
"0","# DA = 35250840"
"0","#"
"0","finaldf$POP2016[finaldf$DAUID==35250840] <- (CE16$POP2016[CE16$DAUID==35251025] + CE16$POP2016[CE16$DAUID==35251026])"
"0","#"
"0","finaldf$POP0TO142016[finaldf$DAUID==35250840] <- (CE16$POP0TO142016[CE16$DAUID==35251025] + CE16$POP0TO142016[CE16$DAUID==35251026])"
"0","#"
"0","finaldf$AVGAFTERTAXINCHH2016[finaldf$DAUID==35250840] <-     round(((CE16$AVGAFTERTAXINCHH2016[CE16$DAUID==35251025] * CE16$POP2016[CE16$DAUID==35251025] + CE16$AVGAFTERTAXINCHH2016[CE16$DAUID==35251026] * CE16$POP2016[CE16$DAUID==35251026]) / finaldf$POP2016[finaldf$DAUID==35250840]), 0"
"0",")"
"0","#"
"0","finaldf$PERCLOWINC0TO52016[finaldf$DAUID==35250840] <-     round(((CE16$PERCLOWINC0TO5[CE16$DAUID==35251025] * CE16$POP2016[CE16$DAUID==35251025] + CE16$PERCLOWINC0TO52016[CE16$DAUID==35251026] * CE16$POP2016[CE16$DAUID==35251026]) / finaldf$POP2016[finaldf$DAUID==35250840]), 0"
"0",")"
"0","#"
"0","# DA = 35850841"
"0","#"
"0","finaldf$POP2016[finaldf$DAUID==35250841] <- (CE16$POP2016[CE16$DAUID==35250990] + CE16$POP2016[CE16$DAUID==35250991] + CE16$POP2016[CE16$DAUID==35250992])"
"0","#"
"0","finaldf$POP0TO142016[finaldf$DAUID==35250841] <- (CE16$POP0TO142016[CE16$DAUID==35250990] + CE16$POP0TO142016[CE16$DAUID==35250991] + CE16$POP0TO142016[CE16$DAUID==35250992])"
"0","#"
"0","finaldf$AVGAFTERTAXINCHH2016[finaldf$DAUID==35250841] <-     round(((CE16$AVGAFTERTAXINCHH2016[CE16$DAUID==35250990] * CE16$POP2016[CE16$DAUID==35250990] + CE16$AVGAFTERTAXINCHH2016[CE16$DAUID==35250991] * CE16$POP2016[CE16$DAUID==35250991] + CE16$AVGAFTERTAXINCHH2016[CE16$DAUID==35250992] * CE16$POP2016[CE16$DAUID==35250992]) / finaldf$POP2016[finaldf$DAUID==35250841]), 0"
"0",")"
"0","#"
"0","finaldf$PERCLOWINC0TO52016[finaldf$DAUID==35250841] <-     round(((CE16$PERCLOWINC0TO5[CE16$DAUID==35250990] * CE16$POP2016[CE16$DAUID==35250990] + CE16$PERCLOWINC0TO52016[CE16$DAUID==35250991] * CE16$POP2016[CE16$DAUID==35250991] + CE16$PERCLOWINC0TO52016[CE16$DAUID==35250992] * CE16$POP2016[CE16$DAUID==35250992]) / finaldf$POP2016[finaldf$DAUID==35250841]), 0"
"0",")"
"0","#"
"0","# DA = 35250842"
"0","#"
"0","finaldf$POP2016[finaldf$DAUID==35250842] <- (CE16$POP2016[CE16$DAUID==35250986] + CE16$POP2016[CE16$DAUID==35250987])"
"0","#"
"0","finaldf$POP0TO142016[finaldf$DAUID==35250842] <- (CE16$POP0TO142016[CE16$DAUID==35250986] + CE16$POP0TO142016[CE16$DAUID==35250987])"
"0","#"
"0","finaldf$AVGAFTERTAXINCHH2016[finaldf$DAUID==35250842] <-     round(((CE16$AVGAFTERTAXINCHH2016[CE16$DAUID==35250986] * CE16$POP2016[CE16$DAUID==35250986] + CE16$AVGAFTERTAXINCHH2016[CE16$DAUID==35250987] * CE16$POP2016[CE16$DAUID==35250987]) / finaldf$POP2016[finaldf$DAUID==35250842]), 0"
"0",")"
"0","#"
"0","finaldf$PERCLOWINC0TO52016[finaldf$DAUID==35250842] <-     round(((CE16$PERCLOWINC0TO5[CE16$DAUID==35250986] * CE16$POP2016[CE16$DAUID==35250986] + CE16$PERCLOWINC0TO52016[CE16$DAUID==35250987] * CE16$POP2016[CE16$DAUID==35250987]) / finaldf$POP2016[finaldf$DAUID==35250842]), 0"
"0",")"
"0","#"
"0","# DA = 35250844"
"0","#"
"0","# Unfortunately, one of the 2016 DAs that makes this up has an NA for income, so we'll"
"0","# skip this one and strip it when we strip 2016 NAs at the end"
"0","#"
"0","# DA = 35250858"
"0","# "
"0","finaldf$POP2016[finaldf$DAUID==35250858] <- (CE16$POP2016[CE16$DAUID==35251000] + CE16$POP2016[CE16$DAUID==35251001] + CE16$POP2016[CE16$DAUID==35251002])"
"0","#"
"0","finaldf$POP0TO142016[finaldf$DAUID==35250858] <- (CE16$POP0TO142016[CE16$DAUID==35251000] + CE16$POP0TO142016[CE16$DAUID==35251001] + CE16$POP0TO142016[CE16$DAUID==35251002])"
"0","#"
"0","finaldf$AVGAFTERTAXINCHH2016[finaldf$DAUID==35250858] <-     round(((CE16$AVGAFTERTAXINCHH2016[CE16$DAUID==35251000] * CE16$POP2016[CE16$DAUID==35251000] + CE16$AVGAFTERTAXINCHH2016[CE16$DAUID==35251001] * CE16$POP2016[CE16$DAUID==35251001] + CE16$AVGAFTERTAXINCHH2016[CE16$DAUID==35251002] * CE16$POP2016[CE16$DAUID==35251002]) / finaldf$POP2016[finaldf$DAUID==35250858]), 0"
"0",")"
"0","#"
"0","finaldf$PERCLOWINC0TO52016[finaldf$DAUID==35250858] <-     round(((CE16$PERCLOWINC0TO5[CE16$DAUID==35251000] * CE16$POP2016[CE16$DAUID==35251000] + CE16$PERCLOWINC0TO52016[CE16$DAUID==35251001] * CE16$POP2016[CE16$DAUID==35251001] + CE16$PERCLOWINC0TO52016[CE16$DAUID==35251002] * CE16$POP2016[CE16$DAUID==35251002]) / finaldf$POP2016[finaldf$DAUID==35250858]), 0"
"0",")"
"0","#"
"0","# DA = 35250915"
"0","#"
"0","# Unfortunately, one of the 2016 DAs that makes this up has an NA for income too, so we'll"
"0","# skip this one and strip it when we strip 2016 NAs at the end"
"0","#"
"0","# DA = 35250916"
"0","# this next one's a monster, it got split into 6 DAs by 2016!"
"0","#"
"0","finaldf$POP2016[finaldf$DAUID==35250916] <- (CE16$POP2016[CE16$DAUID==35251033] + CE16$POP2016[CE16$DAUID==35251035] + CE16$POP2016[CE16$DAUID==35251036] + CE16$POP2016[CE16$DAUID==35251037] + CE16$POP2016[CE16$DAUID==35251038] + CE16$POP2016[CE16$DAUID==35251039])"
"0","#"
"0","finaldf$POP0TO142016[finaldf$DAUID==35250916] <- (CE16$POP0TO142016[CE16$DAUID==35251033] + CE16$POP0TO142016[CE16$DAUID==35251035] + CE16$POP0TO142016[CE16$DAUID==35251036] + CE16$POP0TO142016[CE16$DAUID==35251037] + CE16$POP2016[CE16$DAUID==35251038] + CE16$POP2016[CE16$DAUID==35251039])"
"0","#"
"0","finaldf$AVGAFTERTAXINCHH2016[finaldf$DAUID==35250916] <-     round(((CE16$AVGAFTERTAXINCHH2016[CE16$DAUID==35251033] * CE16$POP2016[CE16$DAUID==35251033] + CE16$AVGAFTERTAXINCHH2016[CE16$DAUID==35251035] * CE16$POP2016[CE16$DAUID==35251035] + CE16$AVGAFTERTAXINCHH2016[CE16$DAUID==35251036] * CE16$POP2016[CE16$DAUID==35251036] + CE16$AVGAFTERTAXINCHH2016[CE16$DAUID==35251037] * CE16$POP2016[CE16$DAUID==35251037] + CE16$AVGAFTERTAXINCHH2016[CE16$DAUID==35251038] * CE16$POP2016[CE16$DAUID==35251038] + CE16$AVGAFTERTAXINCHH2016[CE16$DAUID==35251039] * CE16$POP2016[CE16$DAUID==35251039]) / finaldf$POP2016[finaldf$DAUID==35250916]), 0"
"0",")"
"0","#"
"0","finaldf$PERCLOWINC0TO52016[finaldf$DAUID==35250916] <-     round(((CE16$PERCLOWINC0TO5[CE16$DAUID==35251033] * CE16$POP2016[CE16$DAUID==35251033] + CE16$PERCLOWINC0TO52016[CE16$DAUID==35251035] * CE16$POP2016[CE16$DAUID==35251035] + CE16$PERCLOWINC0TO52016[CE16$DAUID==35251036] * CE16$POP2016[CE16$DAUID==35251036] + CE16$PERCLOWINC0TO52016[CE16$DAUID==35251037] * CE16$POP2016[CE16$DAUID==35251037] + CE16$PERCLOWINC0TO52016[CE16$DAUID==35251038] * CE16$POP2016[CE16$DAUID==35251038] + CE16$PERCLOWINC0TO52016[CE16$DAUID==35251039] * CE16$POP2016[CE16$DAUID==35251039]) / finaldf$POP2016[finaldf$DAUID==35250916]), 0"
"0",")"
"0","#"
"0","# DA = 35250917"
"0","#"
"0","finaldf$POP2016[finaldf$DAUID==35250917] <- (CE16$POP2016[CE16$DAUID==35250996] + CE16$POP2016[CE16$DAUID==35250997])"
"0","#"
"0","finaldf$POP0TO142016[finaldf$DAUID==35250917] <- (CE16$POP0TO142016[CE16$DAUID==35250996] + CE16$POP0TO142016[CE16$DAUID==35250997])"
"0","#"
"0","finaldf$AVGAFTERTAXINCHH2016[finaldf$DAUID==35250917] <-     round(((CE16$AVGAFTERTAXINCHH2016[CE16$DAUID==35250996] * CE16$POP2016[CE16$DAUID==35250996] + CE16$AVGAFTERTAXINCHH2016[CE16$DAUID==35250997] * CE16$POP2016[CE16$DAUID==35250997]) / finaldf$POP2016[finaldf$DAUID==35250917]), 0"
"0",")"
"0","#"
"0","finaldf$PERCLOWINC0TO52016[finaldf$DAUID==35250917] <-     round(((CE16$PERCLOWINC0TO5[CE16$DAUID==35250996] * CE16$POP2016[CE16$DAUID==35250996] + CE16$PERCLOWINC0TO52016[CE16$DAUID==35250997] * CE16$POP2016[CE16$DAUID==35250997]) / finaldf$POP2016[finaldf$DAUID==35250917]), 0"
"0",")"
"0","#"
"0","# DA = 35250926"
"0","#"
"0","finaldf$POP2016[finaldf$DAUID==35250926] <- (CE16$POP2016[CE16$DAUID==35250976] + CE16$POP2016[CE16$DAUID==35250980])"
"0","#"
"0","finaldf$POP0TO142016[finaldf$DAUID==35250926] <- (CE16$POP0TO142016[CE16$DAUID==35250976] + CE16$POP0TO142016[CE16$DAUID==35250980])"
"0","#"
"0","finaldf$AVGAFTERTAXINCHH2016[finaldf$DAUID==35250926] <-     round(((CE16$AVGAFTERTAXINCHH2016[CE16$DAUID==35250976] * CE16$POP2016[CE16$DAUID==35250976] + CE16$AVGAFTERTAXINCHH2016[CE16$DAUID==35250980] * CE16$POP2016[CE16$DAUID==35250980]) / finaldf$POP2016[finaldf$DAUID==35250926]), 0"
"0",")"
"0","#"
"0","finaldf$PERCLOWINC0TO52016[finaldf$DAUID==35250926] <-     round(((CE16$PERCLOWINC0TO5[CE16$DAUID==35250976] * CE16$POP2016[CE16$DAUID==35250976] + CE16$PERCLOWINC0TO52016[CE16$DAUID==35250980] * CE16$POP2016[CE16$DAUID==35250980]) / finaldf$POP2016[finaldf$DAUID==35250926]), 0"
"0",")"
"0","#"
"0","# DA = 35250927"
"0","#"
"0","finaldf$POP2016[finaldf$DAUID==35250927] <- (CE16$POP2016[CE16$DAUID==35250978])"
"0","#"
"0","finaldf$POP0TO142016[finaldf$DAUID==35250927] <- (CE16$POP0TO142016[CE16$DAUID==35250978])"
"0","#"
"0","finaldf$AVGAFTERTAXINCHH2016[finaldf$DAUID==35250927] <-     (CE16$AVGAFTERTAXINCHH2016[CE16$DAUID==35250978])"
"0","#"
"0","finaldf$PERCLOWINC0TO52016[finaldf$DAUID==35250927] <- (CE16$PERCLOWINC0TO5[CE16$DAUID==35250978])"
